{
  "ABIRoot": {
    "kind": "Root",
    "name": "TopLevel",
    "printedName": "TopLevel",
    "children": [
      {
        "kind": "Import",
        "name": "Foundation",
        "printedName": "Foundation",
        "declKind": "Import",
        "moduleName": "TGMerchantSDK",
        "declAttributes": [
          "RawDocComment"
        ]
      },
      {
        "kind": "Import",
        "name": "UIKit",
        "printedName": "UIKit",
        "declKind": "Import",
        "moduleName": "TGMerchantSDK"
      },
      {
        "kind": "TypeDecl",
        "name": "TGMerchantSDK",
        "printedName": "TGMerchantSDK",
        "children": [
          {
            "kind": "Function",
            "name": "getInstance",
            "printedName": "getInstance()",
            "children": [
              {
                "kind": "TypeNominal",
                "name": "TGMerchantSDK",
                "printedName": "TGMerchantSDK.TGMerchantSDK",
                "usr": "c:@M@TGMerchantSDK@objc(cs)TGMerchantSDK"
              }
            ],
            "declKind": "Func",
            "usr": "c:@M@TGMerchantSDK@objc(cs)TGMerchantSDK(cm)getInstance",
            "mangledName": "$s13TGMerchantSDKAAC11getInstanceAByFZ",
            "moduleName": "TGMerchantSDK",
            "static": true,
            "declAttributes": [
              "Final",
              "AccessControl",
              "ObjC"
            ],
            "funcSelfKind": "NonMutating"
          },
          {
            "kind": "Function",
            "name": "openLinkWithBankApp",
            "printedName": "openLinkWithBankApp(url:onCompletion:)",
            "children": [
              {
                "kind": "TypeNominal",
                "name": "Void",
                "printedName": "()"
              },
              {
                "kind": "TypeNominal",
                "name": "URL",
                "printedName": "Foundation.URL",
                "usr": "s:10Foundation3URLV"
              },
              {
                "kind": "TypeFunc",
                "name": "Function",
                "printedName": "(Swift.Bool) -> ()",
                "children": [
                  {
                    "kind": "TypeNominal",
                    "name": "Void",
                    "printedName": "()"
                  },
                  {
                    "kind": "TypeNominal",
                    "name": "Bool",
                    "printedName": "Swift.Bool",
                    "usr": "s:Sb"
                  }
                ]
              }
            ],
            "declKind": "Func",
            "usr": "c:@M@TGMerchantSDK@objc(cs)TGMerchantSDK(im)openLinkWithBankAppWithUrl:onCompletion:",
            "mangledName": "$s13TGMerchantSDKAAC19openLinkWithBankApp3url12onCompletiony10Foundation3URLV_ySbctF",
            "moduleName": "TGMerchantSDK",
            "objc_name": "openLinkWithBankAppWithUrl:onCompletion:",
            "declAttributes": [
              "Final",
              "AccessControl",
              "ObjC"
            ],
            "funcSelfKind": "NonMutating"
          }
        ],
        "declKind": "Class",
        "usr": "c:@M@TGMerchantSDK@objc(cs)TGMerchantSDK",
        "mangledName": "$s13TGMerchantSDKAAC",
        "moduleName": "TGMerchantSDK",
        "declAttributes": [
          "Final",
          "AccessControl",
          "ObjC"
        ],
        "superclassUsr": "c:objc(cs)NSObject",
        "hasMissingDesignatedInitializers": true,
        "inheritsConvenienceInitializers": true,
        "superclassNames": [
          "ObjectiveC.NSObject"
        ],
        "conformances": [
          {
            "kind": "Conformance",
            "name": "Equatable",
            "printedName": "Equatable",
            "usr": "s:SQ",
            "mangledName": "$sSQ"
          },
          {
            "kind": "Conformance",
            "name": "Hashable",
            "printedName": "Hashable",
            "usr": "s:SH",
            "mangledName": "$sSH"
          },
          {
            "kind": "Conformance",
            "name": "CVarArg",
            "printedName": "CVarArg",
            "usr": "s:s7CVarArgP",
            "mangledName": "$ss7CVarArgP"
          },
          {
            "kind": "Conformance",
            "name": "_KeyValueCodingAndObservingPublishing",
            "printedName": "_KeyValueCodingAndObservingPublishing",
            "usr": "s:10Foundation37_KeyValueCodingAndObservingPublishingP",
            "mangledName": "$s10Foundation37_KeyValueCodingAndObservingPublishingP"
          },
          {
            "kind": "Conformance",
            "name": "_KeyValueCodingAndObserving",
            "printedName": "_KeyValueCodingAndObserving",
            "usr": "s:10Foundation27_KeyValueCodingAndObservingP",
            "mangledName": "$s10Foundation27_KeyValueCodingAndObservingP"
          },
          {
            "kind": "Conformance",
            "name": "CustomStringConvertible",
            "printedName": "CustomStringConvertible",
            "usr": "s:s23CustomStringConvertibleP",
            "mangledName": "$ss23CustomStringConvertibleP"
          },
          {
            "kind": "Conformance",
            "name": "CustomDebugStringConvertible",
            "printedName": "CustomDebugStringConvertible",
            "usr": "s:s28CustomDebugStringConvertibleP",
            "mangledName": "$ss28CustomDebugStringConvertibleP"
          }
        ]
      }
    ],
    "json_format_version": 8
  },
  "ConstValues": []
}